,0
2020-01-01,
2020-01-02,
2020-01-03,
2020-01-04,
2020-01-05,
2020-01-06,
2020-01-07,
2020-01-08,
2020-01-09,
2020-01-10,
2020-01-11,
2020-01-12,2525.6162284818993
2020-01-13,2722.941475287406
2020-01-14,2720.712372896143
2020-01-15,2730.3181879595754
2020-01-16,2602.74052927086
2020-01-17,2824.2069199277034
2020-01-18,2683.2478121676613
2020-01-19,2869.2980991806157
2020-01-20,3068.2426526620307
2020-01-21,2981.6661034042704
2020-01-22,2741.475060399281
2020-01-23,2879.587536419498
2020-01-24,2788.101223929693
2020-01-25,2924.685341444759
2020-01-26,2910.406942185905
2020-01-27,2887.37650726994
2020-01-28,3259.295104421559
2020-01-29,3355.2442658697823
2020-01-30,3311.8762376325226
2020-01-31,3035.1362912296513
2020-02-01,2915.2172494051733
2020-02-02,2671.991113351613
2020-02-03,2795.915241277839
2020-02-04,2943.252090034673
2020-02-05,2738.056516399769
2020-02-06,2494.874994034835
2020-02-07,2569.5615423596482
2020-02-08,2310.455815096528
2020-02-09,2257.611706590364
2020-02-10,2031.27224247153
2020-02-11,1900.1454137262476
2020-02-12,1951.386864372181
2020-02-13,2132.3604558644515
2020-02-14,2122.8948307155383
2020-02-15,1756.1432251309882
2020-02-16,1645.7211106525033
2020-02-17,1958.4167166602645
2020-02-18,1931.094519635469
2020-02-19,1871.2428500171595
2020-02-20,1896.8027839868896
2020-02-21,2153.503572609662
2020-02-22,2005.78046731759
2020-02-23,1864.7430709175583
2020-02-24,1707.31481863616
2020-02-25,1976.9355302606725
2020-02-26,1944.0818534168598
2020-02-27,2348.827244459811
2020-02-28,2418.6976530332454
2020-02-29,2354.1003910880568
2020-03-01,2447.864719537921
2020-03-02,2496.919645980502
2020-03-03,2509.5042695197003
2020-03-04,2313.059796746652
2020-03-05,2433.500279758115
2020-03-06,2817.534236092789
2020-03-07,2835.82092793205
2020-03-08,2725.3358556273133
2020-03-09,2722.2020777440894
2020-03-10,2587.7868599440644
2020-03-11,2610.60439577746
2020-03-12,2648.5425381001664
2020-03-13,2681.6995697201164
2020-03-14,2412.3658543071083
2020-03-15,2531.1538359617784
2020-03-16,2220.470347043718
2020-03-17,2173.0282253530654
2020-03-18,2121.942699505551
2020-03-19,1984.837579760731
2020-03-20,2053.308676439446
2020-03-21,2231.616171360491
2020-03-22,2439.865595796766
2020-03-23,2524.1915468145876
2020-03-24,2468.982682586662
2020-03-25,2492.562448009269
2020-03-26,2559.1053106650943
2020-03-27,2225.078213346143
2020-03-28,2524.11503008656
2020-03-29,2688.4169612827104
2020-03-30,2489.899628679892
2020-03-31,2300.786524484064
2020-04-01,2177.3767038878564
2020-04-02,2171.4064031701037
2020-04-03,2213.1855043681903
2020-04-04,1921.7404690541164
2020-04-05,2139.0844139394826
2020-04-06,1997.4790477480424
2020-04-07,2096.1864483661434
2020-04-08,2400.1922014584816
2020-04-09,2559.0765890011016
2020-04-10,2639.0916833588944
2020-04-11,2900.640439039218
2020-04-12,3082.760935936876
2020-04-13,3024.838420684463
2020-04-14,2810.619308737291
2020-04-15,2978.5637953972696
2020-04-16,2832.9601560119117
2020-04-17,2588.0931445635997
2020-04-18,2768.3259527423506
2020-04-19,2799.6270001821126
2020-04-20,2561.605485081107
2020-04-21,2441.526033168133
2020-04-22,2466.9830819823283
2020-04-23,2387.8502089432127
2020-04-24,2297.248200005017
2020-04-25,2610.688615383959
2020-04-26,3010.1873216146496
2020-04-27,2787.576657414077
2020-04-28,3017.852567950664
2020-04-29,3041.3222043769542
2020-04-30,2942.677201955772
2020-05-01,2804.614910864686
2020-05-02,3037.2764047740116
2020-05-03,2841.8787819921286
2020-05-04,3031.759951999398
2020-05-05,3030.2621122191244
2020-05-06,3012.907060122502
2020-05-07,2938.675741895577
2020-05-08,2666.6957889226323
2020-05-09,2797.3065812453483
2020-05-10,3154.108369397405
2020-05-11,2854.8304586286986
2020-05-12,3090.637905874822
2020-05-13,3061.0730780255644
2020-05-14,2865.6694547877505
2020-05-15,3000.1979565194597
2020-05-16,2782.035277066939
2020-05-17,3115.427929145189
2020-05-18,2828.278501432469
2020-05-19,2774.616698222757
2020-05-20,3510.1395933648373
2020-05-21,2893.186527666017
2020-05-22,2989.853586747152
2020-05-23,3066.058295269212
2020-05-24,3112.852219112802
2020-05-25,2979.941962127882
2020-05-26,3052.0000830287518
2020-05-27,3055.0674121710335
2020-05-28,3233.9403096255915
2020-05-29,3213.9506648209776
2020-05-30,3043.08391571417
2020-05-31,3035.308334883401
2020-06-01,2669.530786404601
2020-06-02,2636.0268916622945
2020-06-03,2581.2455227733462
2020-06-04,2505.4499064371666
2020-06-05,2613.787348078104
2020-06-06,2773.0693727224216
2020-06-07,2839.0323666755385
2020-06-08,2913.2656519443262
2020-06-09,2726.327461075046
2020-06-10,2346.733624330368
2020-06-11,2827.197225646056
2020-06-12,2685.709013433139
2020-06-13,2984.248574323268
2020-06-14,3052.1697601453684
2020-06-15,3069.5358057709336
2020-06-16,3290.153109717634
2020-06-17,3245.3265570770473
2020-06-18,3074.0090444714406
2020-06-19,3086.21250381752
2020-06-20,3284.258030641154
2020-06-21,3385.756301663065
2020-06-22,3266.0600805943354
2020-06-23,3335.7228728338996
2020-06-24,3207.1454715878695
2020-06-25,2978.789597839746
2020-06-26,2838.6123390748494
2020-06-27,2967.7077076550704
2020-06-28,2984.428040074125
2020-06-29,2825.914511555421
2020-06-30,2942.4966357876137
2020-07-01,2989.4552436493336
2020-07-02,3012.0940144648266
2020-07-03,3276.161086967046
2020-07-04,3554.38329971288
2020-07-05,3481.247327576682
2020-07-06,3634.3453156570226
2020-07-07,3716.9348838847495
2020-07-08,3713.162183068378
2020-07-09,3751.298680822418
2020-07-10,3412.6820256271326
2020-07-11,3697.0934649445353
2020-07-12,3419.6828514252156
2020-07-13,3288.7688642966623
2020-07-14,3255.1737914738674
2020-07-15,2834.2133363322764
2020-07-16,2928.6107883981726
2020-07-17,2652.558027879661
2020-07-18,2521.8303671851872
2020-07-19,2605.430289667204
2020-07-20,2809.8959906441573
2020-07-21,2812.3668712829126
2020-07-22,2816.5246583929734
2020-07-23,2945.445078679547
2020-07-24,2627.0128248767664
2020-07-25,2786.512169093721
2020-07-26,2971.708062908561
2020-07-27,3311.569991656804
2020-07-28,3183.4668128352305
2020-07-29,3332.0335112590005
2020-07-30,3298.7120404251273
2020-07-31,3604.703732505259
2020-08-01,3213.428912782334
2020-08-02,3093.90480448688
2020-08-03,3350.0715695488952
2020-08-04,3366.298531996298
2020-08-05,3653.14849715988
2020-08-06,3460.633728570201
2020-08-07,3413.6091384683464
2020-08-08,3125.9397472896844
2020-08-09,3331.322258846085
2020-08-10,3122.5257919914347
2020-08-11,3210.857276299474
2020-08-12,3389.832983258972
2020-08-13,3154.6203697243564
2020-08-14,3527.3462574270234
2020-08-15,3384.142654611055
2020-08-16,3575.8864336939373
2020-08-17,3677.9443130092554
2020-08-18,3552.7603934500744
2020-08-19,3670.6436484999163
2020-08-20,3649.5948714670412
2020-08-21,3427.0688937014015
2020-08-22,3802.8685218957457
2020-08-23,3580.151755202721
2020-08-24,3448.89390091362
2020-08-25,3626.7649411707157
2020-08-26,3427.0217392755767
2020-08-27,3589.0345751226996
2020-08-28,3620.1597136771325
2020-08-29,3393.4569265725713
2020-08-30,3337.315197918169
2020-08-31,3329.2801105542826
2020-09-01,3548.7724998417016
2020-09-02,3518.5936633885863
2020-09-03,3134.240550482339
2020-09-04,3551.597494935712
2020-09-05,3467.802597620964
2020-09-06,3336.5878395631917
2020-09-07,3495.91994092208
2020-09-08,3676.463247407427
2020-09-09,3639.424986626364
2020-09-10,3454.992977913345
2020-09-11,3718.969019955646
2020-09-12,3779.0562386480656
2020-09-13,3836.1961455325563
2020-09-14,3879.5974710622686
2020-09-15,3994.24342718894
2020-09-16,4017.929748668791
2020-09-17,4260.9101428635595
2020-09-18,4061.258608603866
2020-09-19,4153.469435906564
2020-09-20,4092.8032764191457
2020-09-21,3919.373967857119
2020-09-22,4056.3329158902384
2020-09-23,4053.8685111341097
2020-09-24,3789.793671564133
2020-09-25,3631.184982222922
2020-09-26,3769.9475989583407
2020-09-27,3476.8508176018754
2020-09-28,3459.7889819534066
2020-09-29,3370.4433477941147
2020-09-30,3499.722735406029
2020-10-01,3579.475164899185
2020-10-02,3404.174577848001
2020-10-03,3456.381108735222
2020-10-04,3756.9316916634834
2020-10-05,3730.3876290804633
2020-10-06,3831.7169648331774
2020-10-07,3820.960544384976
2020-10-08,3930.4280024456943
2020-10-09,4003.6988773965218
2020-10-10,3737.72226160793
2020-10-11,3911.751219418297
2020-10-12,3970.3967042471327
2020-10-13,3932.974997451069
2020-10-14,4135.115055484759
2020-10-15,4120.262844329279
2020-10-16,4201.939550722992
2020-10-17,4343.783468922507
2020-10-18,4088.974864153585
2020-10-19,4434.630067503886
2020-10-20,4565.652896681165
2020-10-21,4495.043921500274
2020-10-22,4594.087869792065
2020-10-23,4655.7612810552255
2020-10-24,4657.276497975091
2020-10-25,5119.956072562286
2020-10-26,4942.995073581563
2020-10-27,5025.289286960327
2020-10-28,4657.62748129948
2020-10-29,4729.753332052375
2020-10-30,4807.888486911199
2020-10-31,4880.147183668118
2020-11-01,4671.470325275665
2020-11-02,4529.170377112419
2020-11-03,4922.415475444579
2020-11-04,4653.836844421233
2020-11-05,4650.733178757928
2020-11-06,4597.956077944405
2020-11-07,4870.196795586978
2020-11-08,5088.809584402215
2020-11-09,4875.922479193168
2020-11-10,5022.629637878208
2020-11-11,5237.768823052987
2020-11-12,5293.761814273659
2020-11-13,5068.654279573498
2020-11-14,5140.840308125509
2020-11-15,5203.7931832134045
2020-11-16,5471.182812052074
2020-11-17,5034.897223646493
2020-11-18,5205.739043694167
2020-11-19,4590.195966719086
2020-11-20,5030.508616146342
2020-11-21,4963.650298659977
2020-11-22,4574.836012780459
2020-11-23,4481.670447399081
2020-11-24,4695.039883280608
2020-11-25,4401.453617842009
2020-11-26,4433.215067129027
2020-11-27,4280.083114969894
2020-11-28,4667.347779344132
2020-11-29,4966.487425672446
2020-11-30,4989.353542793434
2020-12-01,4955.572766444029
2020-12-02,4880.971467821368
2020-12-03,4940.45501363085
2020-12-04,5122.558041580765
2020-12-05,5171.280941948241
2020-12-06,5348.116311522335
2020-12-07,5690.459796768015
2020-12-08,5432.735172192196
2020-12-09,5661.306936622893
2020-12-10,5377.295136155014
2020-12-11,5681.124639449917
2020-12-12,5747.367150716147
2020-12-13,5492.423748343535
2020-12-14,5617.098045932063
2020-12-15,5450.840834012452
2020-12-16,5463.00453099721
2020-12-17,5912.249929926357
2020-12-18,5596.003322260396
2020-12-19,5848.4125049917075
2020-12-20,5735.1052870846515
2020-12-21,5591.799594392056
2020-12-22,6062.900814427369
2020-12-23,6181.643855614758
2020-12-24,6105.82417909032
2020-12-25,6467.079769570054
2020-12-26,6319.2264773659945
2020-12-27,6676.761562002018
2020-12-28,6718.428022588541
2020-12-29,6850.380334842923
2020-12-30,7154.2476748424315
2020-12-31,6686.265000007632
2021-01-01,6820.664385049723
2021-01-02,6867.709234553524
2021-01-03,6414.670182057146
2021-01-04,6494.151997419927
2021-01-05,7019.922698777037
2021-01-06,6714.656977647404
2021-01-07,6680.504687176802
2021-01-08,6442.124984956994
2021-01-09,6337.563996985884
2021-01-10,6177.487190921467
2021-01-11,6329.30031874871
2021-01-12,6526.726345387431
2021-01-13,6390.878235829786
2021-01-14,6689.647729304812
2021-01-15,6555.615880069388
2021-01-16,6574.801673693568
2021-01-17,6517.187253480878
2021-01-18,6075.27090439493
2021-01-19,6491.018242313204
2021-01-20,6293.009388199645
2021-01-21,6288.879529763916
2021-01-22,6442.341990336738
2021-01-23,6580.87318581954
2021-01-24,6616.761965711523
2021-01-25,6415.390312782127
2021-01-26,6384.580913859768
2021-01-27,6103.790721509108
2021-01-28,6604.507474601314
2021-01-29,6763.748635935133
2021-01-30,6718.3039715711475
2021-01-31,6599.268415609103
2021-02-01,6541.446714878129
2021-02-02,7078.368266907037
2021-02-03,7291.86754283492
2021-02-04,7116.472006248976
2021-02-05,7377.605522142557
2021-02-06,7682.5720693002395
2021-02-07,7985.546511625026
2021-02-08,7576.445021400011
2021-02-09,7827.887912531658
2021-02-10,7594.14083578811
2021-02-11,7818.955263495747
2021-02-12,7731.467466428079
2021-02-13,7919.894232218072
2021-02-14,7491.592964302881
2021-02-15,7530.75265430512
2021-02-16,7825.711364744512
2021-02-17,8101.128851884794
2021-02-18,6841.444532625971
2021-02-19,7589.511176059821
2021-02-20,7280.550091549403
2021-02-21,6898.525873657188
2021-02-22,6706.8806195757625
2021-02-23,7451.328075693332
2021-02-24,7335.1576452467625
2021-02-25,7110.850757074242
2021-02-26,7331.5880996803735
2021-02-27,7333.9928776081015
2021-02-28,7468.882467546884
2021-03-01,7458.494143263858
2021-03-02,7234.697058935548
2021-03-03,6700.885951027216
2021-03-04,7291.4429820147825
2021-03-05,7611.263709898934
2021-03-06,7577.858020375643
2021-03-07,7395.995606790589
2021-03-08,7841.06937794258
2021-03-09,7914.837320337666
2021-03-10,7758.508266965652
2021-03-11,7928.716228763385
2021-03-12,8269.184680349634
2021-03-13,8690.549763742463
2021-03-14,9185.981408413436
2021-03-15,9583.456206207891
2021-03-16,8718.502088094221
2021-03-17,9082.25037821949
2021-03-18,8402.785346609073
2021-03-19,8962.92784060351
2021-03-20,8669.162642226342
2021-03-21,8629.031699346615
2021-03-22,8532.865944458112
2021-03-23,8605.33138120912
2021-03-24,8431.36444655871
2021-03-25,8493.555856528274
2021-03-26,8435.105798233462
2021-03-27,8333.016196663963
2021-03-28,9384.79678167177
2021-03-29,9429.507981134011
2021-03-30,9289.044001181686
2021-03-31,8788.164307164603
2021-04-01,8837.894480464747
2021-04-02,8994.677686677365
2021-04-03,9219.507514871892
2021-04-04,9362.175890751481
2021-04-05,8801.477634654042
2021-04-06,9221.973157116528
2021-04-07,9258.1848690805
2021-04-08,8992.40542347593
2021-04-09,9251.395258523824
2021-04-10,8959.5071889372
2021-04-11,9601.336265948827
2021-04-12,9123.609946414637
2021-04-13,8753.897698619403
2021-04-14,9432.830149499789
2021-04-15,9416.510374387775
2021-04-16,9628.428688831647
2021-04-17,9163.728590557359
2021-04-18,9485.636158703364
2021-04-19,9281.357357461848
2021-04-20,9306.159606518657
2021-04-21,9336.632061512966
2021-04-22,8669.636796031291
2021-04-23,8694.970182314362
2021-04-24,8819.182815287579
2021-04-25,8890.254568283495
2021-04-26,8705.526557269406
2021-04-27,8361.383246220566
2021-04-28,9444.242944382826
2021-04-29,8821.459932274023
2021-04-30,9123.890720116646
2021-05-01,9307.620489696936
2021-05-02,9855.418557544097
2021-05-03,9406.638202424441
2021-05-04,9167.458645894247
2021-05-05,9400.945722633152
2021-05-06,9907.505599545811
2021-05-07,10099.83228639603
2021-05-08,9731.148526008188
2021-05-09,9937.337961488982
2021-05-10,10088.54499024784
2021-05-11,10228.26135127457
2021-05-12,10434.035574358935
2021-05-13,10163.110752367525
2021-05-14,9695.028426185643
2021-05-15,10101.936150855327
2021-05-16,9504.065286778596
2021-05-17,9975.882228671093
2021-05-18,10037.655921586334
2021-05-19,10621.32248107921
2021-05-20,9262.71247098729
2021-05-21,9968.901559303486
2021-05-22,10321.049056673819
2021-05-23,10134.878159669324
2021-05-24,9741.294130444681
2021-05-25,10274.96366370841
2021-05-26,10062.227349599996
2021-05-27,10085.618868051819
2021-05-28,9758.554332318321
2021-05-29,10313.553911455052
2021-05-30,10355.358206893725
2021-05-31,10295.324220775721
2021-06-01,10122.338188296697
2021-06-02,9703.445953148235
2021-06-03,9769.530709500183
2021-06-04,10135.028546457124
2021-06-05,8716.035880448286
2021-06-06,9524.642788726585
2021-06-07,9484.057872692732
2021-06-08,9279.354269621164
2021-06-09,9793.540616683194
2021-06-10,9179.911414975944
2021-06-11,9975.890505923137
2021-06-12,10689.13087610535
2021-06-13,10125.149136449194
2021-06-14,10153.279823130631
2021-06-15,10275.668335677223
2021-06-16,10334.43470488465
2021-06-17,10715.127455463706
2021-06-18,10251.935692072846
2021-06-19,10343.873500855674
2021-06-20,10800.017028887603
2021-06-21,10535.306044532574
2021-06-22,10384.981947175982
2021-06-23,10524.02779555111
2021-06-24,9948.851119893665
2021-06-25,10675.927115153645
2021-06-26,11171.595116949522
2021-06-27,10721.063552638694
2021-06-28,10120.681939456717
2021-06-29,10008.038170194392
2021-06-30,11072.804423769167
2021-07-01,10493.49799065843
2021-07-02,10686.602769260502
2021-07-03,11343.716736692924
2021-07-04,10526.283853648369
2021-07-05,10744.947498537225
2021-07-06,10262.78574002999
2021-07-07,10250.060401473507
2021-07-08,10356.211190932843
2021-07-09,10482.246619939393
2021-07-10,10498.877797642259
2021-07-11,10549.877174959973
2021-07-12,10418.119554095943
2021-07-13,10056.495345046433
2021-07-14,11084.698061017341
2021-07-15,10307.963005614074
2021-07-16,10736.863514819499
2021-07-17,10269.966239464338
2021-07-18,10494.308477703311
2021-07-19,10406.45393796734
2021-07-20,10441.92563118034
2021-07-21,9887.745963418483
2021-07-22,10161.238375907498
2021-07-23,10126.181689562662
2021-07-24,9505.439496974923
2021-07-25,9895.338270933189
2021-07-26,9064.007218069082
2021-07-27,9568.94116144397
2021-07-28,9554.12311785484
2021-07-29,9159.97073221938
2021-07-30,9677.79196634658
2021-07-31,9819.773079862047
2021-08-01,10213.051577511798
2021-08-02,10709.20613670812
2021-08-03,9567.472610152105
2021-08-04,10465.397908366042
2021-08-05,10331.837740227898
2021-08-06,9931.53827433143
2021-08-07,10482.96896592544
2021-08-08,10221.47321478945
2021-08-09,9976.012600538144
2021-08-10,9561.552879774757
2021-08-11,10450.079418988107
2021-08-12,10875.311287658398
2021-08-13,10273.014319689062
2021-08-14,10708.024943248058
2021-08-15,10509.491372639506
2021-08-16,9821.138037297374
2021-08-17,10351.111087675827
2021-08-18,10460.694996230657
2021-08-19,10685.480632142311
2021-08-20,10556.787545866242
2021-08-21,10975.25287557427
2021-08-22,10574.542860445568
2021-08-23,11130.509587068349
2021-08-24,11155.745068772936
2021-08-25,10507.635106562318
2021-08-26,10830.077855356765
2021-08-27,11224.215429630069
2021-08-28,11514.742946815742
2021-08-29,12206.806504504797
2021-08-30,11994.691267183505
2021-08-31,11836.47053796293
2021-09-01,11671.536680632935
2021-09-02,11721.35142530552
2021-09-03,11814.853475179256
2021-09-04,10604.375757838234
2021-09-05,10893.87621280165
2021-09-06,11443.914482441432
2021-09-07,11479.984694183988
2021-09-08,11721.366089113342
2021-09-09,10927.322862181347
2021-09-10,10994.471565576257
2021-09-11,11052.446837467327
2021-09-12,11062.795808596758
2021-09-13,10795.127635180172
2021-09-14,10662.403958411653
2021-09-15,10353.036117350755
2021-09-16,10254.07457175178
2021-09-17,10374.197208226635
2021-09-18,10211.725575468961
2021-09-19,9909.615365286947
2021-09-20,10367.606093984843
2021-09-21,11180.02559412171
2021-09-22,10875.642856464832
2021-09-23,11759.021271681513
2021-09-24,10575.78434471431
2021-09-25,11244.62535042671
2021-09-26,11393.360530070935
2021-09-27,11098.758913583051
2021-09-28,11076.162104796782
2021-09-29,11119.829880234065
2021-09-30,11367.526782770747
2021-10-01,10923.480466878742
2021-10-02,11780.603261305516
2021-10-03,11142.663027930657
2021-10-04,11407.421554272041
2021-10-05,10083.689074476752
2021-10-06,10567.601878479425
2021-10-07,11114.633890706844
2021-10-08,10904.023647242533
2021-10-09,11490.698615170015
2021-10-10,11539.909306966487
2021-10-11,11507.319190560655
2021-10-12,11893.859543853727
2021-10-13,11830.713107325773
2021-10-14,11455.165855584199
2021-10-15,10917.13655301285
2021-10-16,11902.968659718425
2021-10-17,11448.801582757986
2021-10-18,11538.99048507743
2021-10-19,11552.936519699615
2021-10-20,11400.655075748777
2021-10-21,11497.270259108433
2021-10-22,12676.783145094923
2021-10-23,12094.094673238791
2021-10-24,12191.83225553067
2021-10-25,12204.877586742325
2021-10-26,12075.220346655557
2021-10-27,12293.03583589843
2021-10-28,11693.385762115628
2021-10-29,12057.272861662103
2021-10-30,11515.342781582744
2021-10-31,12423.396664287471
2021-11-01,12145.643146458924
2021-11-02,12217.497076023616
2021-11-03,12616.918926669077
2021-11-04,11778.876048514136
2021-11-05,12901.023056881473
2021-11-06,12259.703151331756
2021-11-07,12699.843906531012
2021-11-08,12818.111485656811
2021-11-09,12587.008530825984
2021-11-10,12448.57724732995
2021-11-11,11872.171374744528
2021-11-12,11878.756408734265
2021-11-13,11881.635556745276
2021-11-14,12299.063944689591
2021-11-15,11834.922246405718
2021-11-16,12548.888393783596
2021-11-17,11899.857097603995
2021-11-18,12386.36037258535
2021-11-19,12292.975862329598
2021-11-20,12078.876247470394
2021-11-21,12936.013358720758
2021-11-22,12844.877571293398
2021-11-23,12401.652472652713
2021-11-24,12378.50197826028
2021-11-25,12834.048826099128
2021-11-26,12560.630711174303
2021-11-27,13335.318467215018
2021-11-28,12370.265689584126
2021-11-29,12490.1123785096
2021-11-30,12500.30385903421
2021-12-01,12045.122927839731
2021-12-02,12191.534623225873
2021-12-03,12731.334077333599
2021-12-04,12062.740523090653
2021-12-05,12799.291703921444
2021-12-06,12275.123215000638
2021-12-07,12445.81405117543
2021-12-08,12367.257019659082
2021-12-09,12595.716902701422
2021-12-10,11918.351991955687
2021-12-11,12123.31658358265
2021-12-12,12022.77169653815
2021-12-13,12142.652537980277
2021-12-14,11427.565088658384
2021-12-15,11788.696758339833
2021-12-16,12271.882665738902
2021-12-17,12626.74851041924
2021-12-18,12937.732365927635
2021-12-19,12154.0178802678
2021-12-20,13032.995937987753
2021-12-21,12581.211749246922
2021-12-22,13406.757079841078
2021-12-23,12840.303025136
2021-12-24,12916.650759472801
2021-12-25,12504.875204277907
2021-12-26,12804.745103894358
2021-12-27,12175.28066091411
2021-12-28,12915.507255606253
2021-12-29,13036.654405259209
2021-12-30,13264.740983810276
2021-12-31,13178.94293384665
2022-01-01,13919.9101461576
2022-01-02,13842.374675015073
2022-01-03,13707.032301093228
2022-01-04,12633.370224144812
2022-01-05,13417.94711428025
2022-01-06,14294.596150910089
2022-01-07,14210.941854877483
2022-01-08,13822.274928205396
2022-01-09,14334.398337195431
2022-01-10,13492.605229541512
2022-01-11,13943.589933439262
2022-01-12,14343.360452988461
2022-01-13,13823.69165135558
2022-01-14,14007.8119121017
2022-01-15,13779.411689158933
2022-01-16,14010.806544777153
2022-01-17,14032.96431097891
2022-01-18,14250.88151858932
2022-01-19,14355.061932425428
2022-01-20,13915.699131558209
2022-01-21,14404.473571528872
2022-01-22,13742.073914677505
2022-01-23,14390.827862423122
2022-01-24,13770.223824283465
2022-01-25,14872.498389247976
2022-01-26,15497.964536586775
2022-01-27,14345.478158251162
2022-01-28,14325.286501454491
2022-01-29,14064.383830354143
2022-01-30,14423.513610997015
2022-01-31,13496.007985462771
2022-02-01,14310.339958271054
2022-02-02,14635.962781692255
2022-02-03,13380.314663619925
2022-02-04,13735.541160354556
2022-02-05,14590.944079769673
2022-02-06,13648.650474664937
2022-02-07,14901.43577996983
2022-02-08,14225.344691475166
2022-02-09,15352.296373407784
2022-02-10,14457.577458893169
2022-02-11,14595.07531352953
2022-02-12,15162.056372653582
2022-02-13,14552.613394140406
2022-02-14,14406.783937619048
2022-02-15,14093.432039025629
2022-02-16,15926.05679994764
2022-02-17,15483.649108228465
2022-02-18,14591.268713591848
2022-02-19,14478.035322089909
2022-02-20,14713.056174043655
2022-02-21,14377.89227602458
2022-02-22,14996.176393017193
2022-02-23,15455.02981470773
2022-02-24,15210.442139818357
2022-02-25,15549.441011878007
2022-02-26,15007.696458357337
2022-02-27,15313.964656710647
2022-02-28,14678.477334723488
2022-03-01,15879.06066626388
2022-03-02,15808.200140834178
2022-03-03,15075.065014145894
2022-03-04,15435.52830001069
2022-03-05,14851.141967960133
2022-03-06,14783.58666820161
2022-03-07,15418.491097368615
2022-03-08,15532.90548810542
2022-03-09,15045.454359775667
2022-03-10,14745.202850322152
2022-03-11,15583.234788131069
2022-03-12,16114.354779060133
2022-03-13,14941.829492052277
2022-03-14,14740.015833248655
2022-03-15,14438.351251333119
2022-03-16,15715.583266789668
2022-03-17,15495.417130246931
2022-03-18,14969.615872368142
2022-03-19,14576.820943261662
2022-03-20,15576.077037351086
2022-03-21,15681.182321970791
2022-03-22,16002.340233684761
2022-03-23,15401.988229681765
2022-03-24,14565.324023796582
2022-03-25,15275.7983162445
2022-03-26,15345.183895088003
2022-03-27,16187.66953301548
2022-03-28,16051.667364040883
2022-03-29,15708.245758046625
2022-03-30,14993.789554714547
2022-03-31,15464.56680000588
2022-04-01,15536.300852819324
2022-04-02,15364.421804297248
2022-04-03,15862.111636131329
2022-04-04,15694.785732925808
2022-04-05,16315.523291738216
2022-04-06,16792.67735686771
2022-04-07,16672.07475441106
2022-04-08,15771.74152777644
2022-04-09,16131.414717051959
2022-04-10,17249.90426708417
2022-04-11,15666.815720760336
2022-04-12,16225.81044660656
2022-04-13,16641.417057829865
2022-04-14,16505.046655714876
2022-04-15,16092.187464800814
2022-04-16,16089.404429373884
2022-04-17,15497.474803512821
2022-04-18,16574.293446897296
2022-04-19,16471.42031692721
2022-04-20,16401.49300699062
2022-04-21,16120.166797659922
2022-04-22,16347.77533783225
2022-04-23,16551.3334263163
2022-04-24,16400.63530277063
2022-04-25,15671.808737946598
2022-04-26,16738.722708138917
2022-04-27,17480.986927167753
2022-04-28,16758.116656905975
2022-04-29,17277.70890798271
2022-04-30,17070.531478959285
2022-05-01,16516.084913007857
2022-05-02,16287.722621088744
2022-05-03,16941.532586007255
2022-05-04,17148.10952291088
2022-05-05,17038.17397309047
2022-05-06,17217.046110668707
2022-05-07,17010.685968550784
2022-05-08,16308.646298729213
2022-05-09,17736.91759884687
2022-05-10,17099.393182988963
2022-05-11,17222.609367176556
2022-05-12,17231.374661384994
2022-05-13,17470.35339653905
2022-05-14,17376.372124813748
2022-05-15,17930.364245548
2022-05-16,17176.017952052265
2022-05-17,17488.635388086343
2022-05-18,18009.791376182904
2022-05-19,17228.61842255706
2022-05-20,17068.022915545636
2022-05-21,17103.76043066784
2022-05-22,16892.257204230875
2022-05-23,16150.741929027741
2022-05-24,17649.85184833045
2022-05-25,16902.54558661339
2022-05-26,16690.324610662145
2022-05-27,16623.533149008286
2022-05-28,17840.693870532228
2022-05-29,17619.01375667185
2022-05-30,16749.15706717037
2022-05-31,17731.939008479636
2022-06-01,17394.591283704787
2022-06-02,18595.563714837263
2022-06-03,17960.722397505015
2022-06-04,17651.9236974704
2022-06-05,17925.79149121291
2022-06-06,18274.519303414818
2022-06-07,18999.619702194275
2022-06-08,18354.95189914564
2022-06-09,17842.304416815987
2022-06-10,17998.343341756918
2022-06-11,17715.383544132488
2022-06-12,17798.481039874423
2022-06-13,18277.85410957211
2022-06-14,18188.156714211647
2022-06-15,17662.039815881562
2022-06-16,18267.402332147125
2022-06-17,17165.772589954584
2022-06-18,18226.01891187276
2022-06-19,18182.96513441223
2022-06-20,16583.812542047137
2022-06-21,17633.082351358655
2022-06-22,16901.731795010062
2022-06-23,17037.171058254564
2022-06-24,17287.109433444613
2022-06-25,18061.918991485498
2022-06-26,17199.935095185352
2022-06-27,17463.62743211343
2022-06-28,17356.22400737103
2022-06-29,18064.672034325096
2022-06-30,17211.738099758302
2022-07-01,18669.284411701436
2022-07-02,19064.878936368885
2022-07-03,19284.88709368582
2022-07-04,18810.245478666373
2022-07-05,18532.75708727691
2022-07-06,18529.44851321485
2022-07-07,18364.291136082426
2022-07-08,19777.429743480214
2022-07-09,17753.07256141634
2022-07-10,19003.03518224227
2022-07-11,18876.221944189263
2022-07-12,18537.240182706362
2022-07-13,18865.71271677021
2022-07-14,17864.927848766765
2022-07-15,18146.748434136713
2022-07-16,18952.804029287698
2022-07-17,18929.494375854953
2022-07-18,18054.413731422967
2022-07-19,19214.460748525373
2022-07-20,18029.390535656577
2022-07-21,18229.38271218619
2022-07-22,19108.869309348076
2022-07-23,19164.107974565635
2022-07-24,18057.91351066823
2022-07-25,19819.16207649697
2022-07-26,20490.613557822144
2022-07-27,20373.029293787127
2022-07-28,17751.472649578853
2022-07-29,19357.880269351976
2022-07-30,18703.44989632163
2022-07-31,17988.796694415832
2022-08-01,17443.91031326726
2022-08-02,18863.132432674658
2022-08-03,17988.51164564214
2022-08-04,19068.1444968378
2022-08-05,18410.401523850847
2022-08-06,18937.368556916714
2022-08-07,18905.39517091909
2022-08-08,17169.281141318825
2022-08-09,18858.5446361004
2022-08-10,18295.264521696565
2022-08-11,18589.20834026602
2022-08-12,18451.19230137305
2022-08-13,17641.315613677958
2022-08-14,18384.510378014686
2022-08-15,18131.118974802295
2022-08-16,18836.531510305973
2022-08-17,18138.46704372231
2022-08-18,19919.65776434134
2022-08-19,18076.423533145084
2022-08-20,19487.954963904784
2022-08-21,19459.01591514371
2022-08-22,19532.145256702162
2022-08-23,19802.41413326912
2022-08-24,19148.796836781075
2022-08-25,19409.06511507103
2022-08-26,18958.17805659537
2022-08-27,19068.890588918533
2022-08-28,17872.00502193218
2022-08-29,20310.673370740667
2022-08-30,19094.79724044687
2022-08-31,20370.986577211774
2022-09-01,19490.46242312027
2022-09-02,20213.2480225952
2022-09-03,19713.57115371968
2022-09-04,20391.247089794684
2022-09-05,20092.76003590545
2022-09-06,20283.31078644641
2022-09-07,20849.615693074255
2022-09-08,20556.522370235416
2022-09-09,20771.965409833443
2022-09-10,20092.91494254027
2022-09-11,20729.86636025136
2022-09-12,20241.772625634985
2022-09-13,21183.01513440351
2022-09-14,19836.630089074482
2022-09-15,19366.115742255395
2022-09-16,20261.21003430405
2022-09-17,20766.413267557804
2022-09-18,19897.857046917892
2022-09-19,20559.526939839507
2022-09-20,20496.982327212605
2022-09-21,20037.880910883527
2022-09-22,20076.98442779479
2022-09-23,20122.11837406856
2022-09-24,20026.590009235508
2022-09-25,19260.89293974256
2022-09-26,19854.33589428288
2022-09-27,20253.41118077044
2022-09-28,21054.92776174766
2022-09-29,20800.903805649523
2022-09-30,19548.683718162556
2022-10-01,20945.179881469467
2022-10-02,18794.068201447546
2022-10-03,19349.34880510794
2022-10-04,20196.947984945225
2022-10-05,20183.08769666799
2022-10-06,19148.53885722134
2022-10-07,19353.37594903285
2022-10-08,19451.391545378825
2022-10-09,18878.020331179265
2022-10-10,20947.31679580411
2022-10-11,19949.049289973605
2022-10-12,18582.259005870703
2022-10-13,19550.706339446297
2022-10-14,20022.354900067035
2022-10-15,19922.11137027448
2022-10-16,20308.307076760957
2022-10-17,20869.659834021986
2022-10-18,20811.847616183524
2022-10-19,20135.198120209316
2022-10-20,20664.983765383622
2022-10-21,19658.185192020544
2022-10-22,20010.07994566224
2022-10-23,21157.754073947406
2022-10-24,20086.40441311966
2022-10-25,19587.529192620117
2022-10-26,20810.992387596027
2022-10-27,20721.398879121178
2022-10-28,21662.915488465886
2022-10-29,19873.30689820276
2022-10-30,19860.953693438252
2022-10-31,20143.478033056927
2022-11-01,19717.75656764191
2022-11-02,20865.292281108992
2022-11-03,21298.235133593273
2022-11-04,20112.257340894277
2022-11-05,20503.313190314017
2022-11-06,21069.989288985795
2022-11-07,21562.23879598137
2022-11-08,21879.148642076376
2022-11-09,20645.49082437334
2022-11-10,21557.813750867186
2022-11-11,20487.746793662245
2022-11-12,20154.132956615485
2022-11-13,21299.003419370856
2022-11-14,21133.9048877623
2022-11-15,20127.526161391772
2022-11-16,20591.092381381346
2022-11-17,20131.427784686304
2022-11-18,20904.03767200607
2022-11-19,20011.166801969317
2022-11-20,20545.973736265325
2022-11-21,21118.605460069866
2022-11-22,20789.107377397395
2022-11-23,20274.638208334538
2022-11-24,19870.031204511182
2022-11-25,20755.77445644678
2022-11-26,20976.147979238634
2022-11-27,20170.748765786768
2022-11-28,20251.035428114494
2022-11-29,21449.23776556743
2022-11-30,20303.721956635512
2022-12-01,20157.935935752303
2022-12-02,21169.187502001558
2022-12-03,21781.77840671437
2022-12-04,20838.090170737345
2022-12-05,21198.909162972228
2022-12-06,21296.768512406165
2022-12-07,20470.423707070204
2022-12-08,20465.143141190256
2022-12-09,19548.580254387925
2022-12-10,20580.38733118531
2022-12-11,20182.485835319127
2022-12-12,21416.454903603677
2022-12-13,20992.990156518903
2022-12-14,20779.473777040803
2022-12-15,20465.347105867786
2022-12-16,20368.254825702563
2022-12-17,21773.03589625506
2022-12-18,20508.473122391002
2022-12-19,20753.13984077456
2022-12-20,21761.416523165415
2022-12-21,20916.054957210006
2022-12-22,20737.61188359251
2022-12-23,21287.182413679326
2022-12-24,20439.95083728087
2022-12-25,21552.104702869034
2022-12-26,20433.312006673346
2022-12-27,20441.723709808477
2022-12-28,20267.922541909174
2022-12-29,19989.989008760575
2022-12-30,20620.96795204848
2022-12-31,20905.577521260064
2023-01-01,20785.375726907678
2023-01-02,20078.189366902272
2023-01-03,21458.00569787336
2023-01-04,21544.042190785058
2023-01-05,21584.953510028077
2023-01-06,20907.80976276949
2023-01-07,21961.47970243734
2023-01-08,21789.71405046664
2023-01-09,20837.248093727394
2023-01-10,20797.246505883908
2023-01-11,19628.619906702235
2023-01-12,20614.20060743285
2023-01-13,20730.176697432453
2023-01-14,20803.834741858394
2023-01-15,20565.357630419734
2023-01-16,21119.12529342894
2023-01-17,20909.687935321017
2023-01-18,19373.58742500283
2023-01-19,20888.74510205378
2023-01-20,20632.44220111876
2023-01-21,21041.48772000915
2023-01-22,20763.97177199916
2023-01-23,21132.641170319177
2023-01-24,19259.140898053185
2023-01-25,19474.315475209016
2023-01-26,20284.6567209629
2023-01-27,21848.600337256026
2023-01-28,21717.156284153643
2023-01-29,20106.885722619758
2023-01-30,20672.234946751705
2023-01-31,19842.99875179394
2023-02-01,19701.36644224515
2023-02-02,20488.36523439972
2023-02-03,21233.46838064376
2023-02-04,22172.22887104254
2023-02-05,21123.40160827749
2023-02-06,22677.768937220764
2023-02-07,21515.73210761553
2023-02-08,20595.147571982096
2023-02-09,21195.34731596125
2023-02-10,21027.941738467347
2023-02-11,19263.633171621463
2023-02-12,20783.849593182083
2023-02-13,19099.224680177776
2023-02-14,21132.96641400723
2023-02-15,19410.319401288147
2023-02-16,20832.96798502612
2023-02-17,20229.482460526153
2023-02-18,19381.135276655572
2023-02-19,20924.761528282466
2023-02-20,20580.35337489793
2023-02-21,21425.430250096444
2023-02-22,19682.06982837876
2023-02-23,20454.471465823506
2023-02-24,19927.267690864825
2023-02-25,21741.314552822845
2023-02-26,21629.286912640415
2023-02-27,20877.191339442834
2023-02-28,20728.395747065395
2023-03-01,21342.244582640105
2023-03-02,21105.65423498955
2023-03-03,20588.82883592605
2023-03-04,21564.560950445455
2023-03-05,20843.67130984134
2023-03-06,20785.887190586578
2023-03-07,19996.080392406697
2023-03-08,21182.25651545749
2023-03-09,20487.730481604034
2023-03-10,20664.36530091451
2023-03-11,21558.760241779397
2023-03-12,20617.001442382658
2023-03-13,20728.070456170462
2023-03-14,20684.87435875669
2023-03-15,21646.994979228963
2023-03-16,21980.103653134884
2023-03-17,20790.041313064554
2023-03-18,20679.575334983685
2023-03-19,20861.851027862314
2023-03-20,22813.304838704404
2023-03-21,20192.786941570746
2023-03-22,20500.760897968925
2023-03-23,21501.071335869907
2023-03-24,20010.134677405615
2023-03-25,20362.683078529135
2023-03-26,20519.653252951906
2023-03-27,20229.116304266547
2023-03-28,21134.328535280587
2023-03-29,19329.56982790745
2023-03-30,20075.399501608725
2023-03-31,20291.001434406375
2023-04-01,19809.044688507576
2023-04-02,20955.24473888671
2023-04-03,20535.414488410614
2023-04-04,20842.9202643786
2023-04-05,20342.997159170336
2023-04-06,21670.144278315085
2023-04-07,21212.93939182864
2023-04-08,22248.377290503624
2023-04-09,23047.089801528793
2023-04-10,22518.80813668641
2023-04-11,21262.82773219936
2023-04-12,21771.767072854327
2023-04-13,22069.426852764238
2023-04-14,20404.88868151421
2023-04-15,22014.713314066088
2023-04-16,20061.222906302177
2023-04-17,20679.41901986441
2023-04-18,21772.622600865623
2023-04-19,21148.428149237614
2023-04-20,22120.311075807964
2023-04-21,21600.0023182699
2023-04-22,21094.301395155482
2023-04-23,21379.2031449332
2023-04-24,21003.209049664925
2023-04-25,20378.59443514235
2023-04-26,20699.93791727876
2023-04-27,21133.580805405607
2023-04-28,22188.716059315473
2023-04-29,21452.002410962035
2023-04-30,22614.857335637276
2023-05-01,22120.291613596175
2023-05-02,21027.147656737463
2023-05-03,21687.60327175923
2023-05-04,21492.785748419694
2023-05-05,20454.935766088645
2023-05-06,20783.80334936296
2023-05-07,21032.127346921778
2023-05-08,21416.38193027733
2023-05-09,21336.562522121647
2023-05-10,20509.410237279477
2023-05-11,21930.007620277935
2023-05-12,21245.783814483722
2023-05-13,21799.423857580274
2023-05-14,20986.582809060597
2023-05-15,21298.458136431953
2023-05-16,21851.418959560477
2023-05-17,20973.834397051884
2023-05-18,21701.341444726986
2023-05-19,21309.474465162348
2023-05-20,22084.121392635323
2023-05-21,21068.60882661401
2023-05-22,21690.703101032188
2023-05-23,21665.097093379743
2023-05-24,21452.105232523787
2023-05-25,21234.835867265327
2023-05-26,20032.565765191528
2023-05-27,21206.93003834604
2023-05-28,20408.81502226733
2023-05-29,21730.539716671617
2023-05-30,20725.22785574142
2023-05-31,20322.258672442902
2023-06-01,22066.53450384825
2023-06-02,21000.693888772446
2023-06-03,20816.982051072242
2023-06-04,21205.542834819345
2023-06-05,21212.50889108856
2023-06-06,21394.54292024002
2023-06-07,21677.0095020256
2023-06-08,20876.44936591291
2023-06-09,20917.84291304141
2023-06-10,22009.746204057876
2023-06-11,21636.275259949114
2023-06-12,21822.603889921138
2023-06-13,20814.98500691729
2023-06-14,21895.24914446183
2023-06-15,21789.755581067526
2023-06-16,22149.894640136667
2023-06-17,22214.96557186535
2023-06-18,20955.491140319893
2023-06-19,22694.634935067817
2023-06-20,21391.63880996948
2023-06-21,21485.781934028146
2023-06-22,21161.80850480245
2023-06-23,22295.92704546671
2023-06-24,23002.098697819234
2023-06-25,20696.716496795056
2023-06-26,21319.487566148513
2023-06-27,22181.63262611253
2023-06-28,21122.297219100892
2023-06-29,21739.653175303938
2023-06-30,22127.97309915334
2023-07-01,22419.595978202993
2023-07-02,22411.628220538452
2023-07-03,22248.953676086898
2023-07-04,22803.515679074255
2023-07-05,22082.451695058116
2023-07-06,22456.911600542964
2023-07-07,22620.07365227244
2023-07-08,21245.254629644656
2023-07-09,22104.090153570407
2023-07-10,21398.971507102957
2023-07-11,21482.262208064287
2023-07-12,20426.462208065626
2023-07-13,21836.432604834128
2023-07-14,22164.7524633285
2023-07-15,22809.0089691773
2023-07-16,22639.607931684917
2023-07-17,22016.23878929509
2023-07-18,22048.922074525635
2023-07-19,21496.50988507051
2023-07-20,22139.5332843311
2023-07-21,21576.771420985067
2023-07-22,21118.11552740577
2023-07-23,22698.302835099163
2023-07-24,23339.767124893533
2023-07-25,22094.552926769196
2023-07-26,21454.732623515356
2023-07-27,22755.9792489609
2023-07-28,22910.797067318228
2023-07-29,22263.395464836947
2023-07-30,22530.337631690953
2023-07-31,22069.565655995615
2023-08-01,21228.70283788727
2023-08-02,22176.2506969556
2023-08-03,21941.120901419963
2023-08-04,22165.441934073842
2023-08-05,23331.294965448546
2023-08-06,22595.561848343572
2023-08-07,22272.601282208463
2023-08-08,23884.517772738076
2023-08-09,22100.5550769557
2023-08-10,23819.736453287176
2023-08-11,20770.39210470468
2023-08-12,24063.405367478837
2023-08-13,23171.908904680353
2023-08-14,23847.23050659491
2023-08-15,23226.86373126422
2023-08-16,24072.736374705633
2023-08-17,23010.135292179788
2023-08-18,23524.117885110598
2023-08-19,24681.87343569022
2023-08-20,23375.51574214018
2023-08-21,22794.559319753916
2023-08-22,22926.894353891497
2023-08-23,23053.837182918607
2023-08-24,24540.53147241403
2023-08-25,23418.754495405425
2023-08-26,23097.66321428964
2023-08-27,23271.547008575195
2023-08-28,23013.63741101381
2023-08-29,22997.77353342917
2023-08-30,23920.695177479265
2023-08-31,23450.062850283728
2023-09-01,23028.52244082847
2023-09-02,23766.263257032613
2023-09-03,23383.48164406779
2023-09-04,22433.96822216804
2023-09-05,23946.357555020546
2023-09-06,23840.075449378986
2023-09-07,23324.67039251166
2023-09-08,23206.36175769826
2023-09-09,22891.54221486859
2023-09-10,22509.51815737286
2023-09-11,22608.479303973138
2023-09-12,23497.672373548812
2023-09-13,23287.993770121422
2023-09-14,22581.375119522447
2023-09-15,24373.29094417713
2023-09-16,25032.03159792149
2023-09-17,24323.952463752506
2023-09-18,24551.753502037005
2023-09-19,23127.895116339034
2023-09-20,25823.417463477195
2023-09-21,23998.581109131326
2023-09-22,25442.295060709006
2023-09-23,24231.735080299404
2023-09-24,24218.61585162032
2023-09-25,23435.560677890036
2023-09-26,24863.04690247044
2023-09-27,23993.80391928987
2023-09-28,25102.76385876684
2023-09-29,23308.460603043404
2023-09-30,23275.89770676964
2023-10-01,23668.360432336962
2023-10-02,25305.739386324545
2023-10-03,24879.52617226323
2023-10-04,24774.12877722089
2023-10-05,24153.040138146145
2023-10-06,24690.667389028487
2023-10-07,25578.96740725376
2023-10-08,25902.045672440592
2023-10-09,25574.44693569494
2023-10-10,24970.098508290033
2023-10-11,26118.92895990815
2023-10-12,24874.685992365918
2023-10-13,26079.408877281374
2023-10-14,25374.207146033204
2023-10-15,25607.57073757476
2023-10-16,26239.936877451037
2023-10-17,24804.05638528393
2023-10-18,26519.08357238941
2023-10-19,24100.604448547932
2023-10-20,24689.505270809546
2023-10-21,24852.037215371598
2023-10-22,23701.5142533927
2023-10-23,24386.45842799866
2023-10-24,24483.18214588389
2023-10-25,24556.7542221434
2023-10-26,24303.989078426595
2023-10-27,25662.48031155836
2023-10-28,26440.730342151866
2023-10-29,26295.172682450855
2023-10-30,26436.866637097573
2023-10-31,23677.789476262587
2023-11-01,25292.58941765998
2023-11-02,25826.857950234582
2023-11-03,25246.979257262905
2023-11-04,25102.03957082621
2023-11-05,25804.906370129007
2023-11-06,24799.766820494195
2023-11-07,26016.86138058001
2023-11-08,25981.273088208032
2023-11-09,25406.1869505259
2023-11-10,25861.422371823654
2023-11-11,27148.454717591427
2023-11-12,26390.009175134855
2023-11-13,26568.649865544656
2023-11-14,26457.72105411638
2023-11-15,26515.284281861757
2023-11-16,25361.53145288741
2023-11-17,25972.494259448053
2023-11-18,26169.25598041222
2023-11-19,25377.244600376293
2023-11-20,25500.670060834633
2023-11-21,27007.179293256093
2023-11-22,27187.212176222547
2023-11-23,27659.024219030947
2023-11-24,25554.68917609122
2023-11-25,27168.366298030232
2023-11-26,25144.99020271499
2023-11-27,26185.94756247287
2023-11-28,26779.120862289143
2023-11-29,25610.942672926303
2023-11-30,26786.85889601817
2023-12-01,27433.34494785039
2023-12-02,26245.21833049476
2023-12-03,25396.40761890907
2023-12-04,26913.645768244038
2023-12-05,26082.907189619717
2023-12-06,25981.71248421268
2023-12-07,25498.984525711876
2023-12-08,25132.170493900085
2023-12-09,25365.120916398228
2023-12-10,25747.456329842462
2023-12-11,24721.863796982867
2023-12-12,26922.16909069897
2023-12-13,25893.52132667583
2023-12-14,27209.344485765287
2023-12-15,26112.14373619862
2023-12-16,25559.64028235544
2023-12-17,25899.95913711124
2023-12-18,26078.145609100968
2023-12-19,26850.710849746134
2023-12-20,27903.024437349024
2023-12-21,27177.029585158256
2023-12-22,26663.0907946529
2023-12-23,26430.33964907833
2023-12-24,27654.79028262391
2023-12-25,27709.84050477359
2023-12-26,26957.12950011729
2023-12-27,26864.797843177115
2023-12-28,27580.419198908603
2023-12-29,26831.049045741787
2023-12-30,27204.186874038503
2023-12-31,27817.685269705715
2024-01-01,27382.378628500093
2024-01-02,28314.463564497855
2024-01-03,26985.59716621266
2024-01-04,27774.667318728996
2024-01-05,28021.265703451074
2024-01-06,28131.79933070167
2024-01-07,26812.519837718144
2024-01-08,27107.462303022767
2024-01-09,29007.089167799717
2024-01-10,27299.914617384267
2024-01-11,28521.203856867854
2024-01-12,27062.4178596162
2024-01-13,27090.119686369548
2024-01-14,27272.7276400404
2024-01-15,27084.437300870937
2024-01-16,28948.816583010528
2024-01-17,27775.016270880005
2024-01-18,27558.091723698955
2024-01-19,26480.98277865457
2024-01-20,27694.727766041273
2024-01-21,27214.54014853308
2024-01-22,27862.03435929046
2024-01-23,27402.615674621164
2024-01-24,27736.146235771255
2024-01-25,27353.218413822997
2024-01-26,26202.5760368451
2024-01-27,28936.420751327856
2024-01-28,26970.11767835666
2024-01-29,27796.817534552647
2024-01-30,27941.374182464915
2024-01-31,27833.79483029969
2024-02-01,29011.19545371585
2024-02-02,27594.806273611
2024-02-03,28307.360333374145
2024-02-04,27317.122835353865
2024-02-05,27586.761594422263
2024-02-06,28509.340308029125
2024-02-07,27219.980694177146
2024-02-08,28253.44546756084
2024-02-09,29795.61756158905
2024-02-10,27013.955007184475
2024-02-11,28673.61679567692
2024-02-12,27368.84644452109
2024-02-13,28855.200371188756
2024-02-14,28885.240847362576
2024-02-15,28610.004901820495
2024-02-16,28636.708941657813
2024-02-17,29462.579372182576
2024-02-18,29623.239015354262
2024-02-19,28856.875562375717
2024-02-20,29167.164631353775
2024-02-21,27038.078853307412
2024-02-22,28698.984699787743
2024-02-23,28348.975695736506
2024-02-24,29862.84290615663
2024-02-25,26895.608766644546
2024-02-26,29002.437585859996
2024-02-27,30024.040081958825
2024-02-28,29601.497480158836
2024-02-29,27449.310211961132
2024-03-01,28385.84426043663
2024-03-02,29249.37012094164
2024-03-03,29117.82488504265
2024-03-04,28701.887020858
2024-03-05,28968.001448470928
2024-03-06,28343.093430589666
2024-03-07,29762.284673252463
2024-03-08,28543.445360097223
2024-03-09,29349.267591437947
2024-03-10,29529.639269667856
2024-03-11,29716.51930007234
2024-03-12,30080.385591721988
2024-03-13,30338.984397509386
2024-03-14,29105.937745210394
2024-03-15,30022.804125473223
2024-03-16,29199.116048031112
2024-03-17,30500.51241566781
2024-03-18,30000.26856880101
2024-03-19,31592.389126542865
2024-03-20,30160.44823076143
2024-03-21,32465.89499041255
2024-03-22,30273.536996526625
2024-03-23,30624.939452280036
2024-03-24,30837.97931636069
2024-03-25,31736.261235090533
2024-03-26,31619.60043310909
2024-03-27,30243.242361947046
2024-03-28,30823.662308371346
2024-03-29,31611.99933030915
2024-03-30,31021.94530830339
2024-03-31,30290.82255215962
2024-04-01,29855.807080105795
2024-04-02,29304.61252466121
2024-04-03,30859.59901004167
2024-04-04,30770.46975645448
2024-04-05,30039.42917397526
2024-04-06,30282.005555232685
2024-04-07,32245.078848460864
2024-04-08,31098.266663520666
2024-04-09,31854.522010997756
2024-04-10,30502.402238331393
2024-04-11,30038.828737667587
2024-04-12,31122.52290689879
2024-04-13,30789.300837836647
2024-04-14,29349.35745528303
2024-04-15,31824.598525605277
2024-04-16,30534.353692014014
2024-04-17,31265.00768336307
2024-04-18,31918.291911578497
2024-04-19,31198.39630980618
2024-04-20,32280.921538012182
2024-04-21,31070.05471969479
2024-04-22,30682.202695724784
2024-04-23,32401.083130069124
2024-04-24,31806.53768636199
2024-04-25,33896.92326862186
2024-04-26,31792.55870763835
2024-04-27,31985.977860470128
2024-04-28,31903.365890898902
2024-04-29,29935.64136197461
2024-04-30,31950.635929790613
2024-05-01,33966.463191635514
2024-05-02,31279.402490239318
2024-05-03,33148.29911038582
2024-05-04,31692.474817429837
2024-05-05,32008.688658291696
2024-05-06,32490.318257454146
2024-05-07,33879.374569703206
2024-05-08,33134.665967588735
2024-05-09,31516.608489599203
2024-05-10,32840.54023825059
2024-05-11,32206.62904907391
2024-05-12,32385.56176597911
2024-05-13,32599.080811727126
2024-05-14,32296.9183674206
2024-05-15,32684.821815105093
2024-05-16,34470.915162531426
2024-05-17,34749.41428926387
2024-05-18,31592.442050447546
2024-05-19,31762.72359231258
2024-05-20,33141.83413115495
2024-05-21,31532.918893928625
2024-05-22,33494.2813518088
2024-05-23,33784.504063664914
2024-05-24,33037.024596006246
2024-05-25,32742.51275352771
2024-05-26,32607.85101332128
2024-05-27,33913.835946040344
2024-05-28,31521.824179207033
2024-05-29,34743.65029206976
2024-05-30,31830.321934475374
2024-05-31,32938.17610654188
2024-06-01,32134.187908809963
2024-06-02,31450.06803284271
2024-06-03,32296.716530587062
2024-06-04,34597.67877517686
2024-06-05,34375.826628969626
2024-06-06,34254.76504362114
2024-06-07,34117.963575123445
2024-06-08,33341.92429215391
2024-06-09,32869.09199277324
2024-06-10,36039.74786222922
2024-06-11,33777.67081135052
2024-06-12,33211.86103650289
2024-06-13,32376.50649790222
2024-06-14,33458.36519750699
2024-06-15,31983.623299473147
2024-06-16,31291.463756295892
2024-06-17,33371.76173658024
2024-06-18,33504.77185217329
2024-06-19,34732.236233296084
2024-06-20,33910.06507162012
2024-06-21,32361.71919203065
2024-06-22,35145.655944590966
2024-06-23,32728.83911372131
2024-06-24,33332.740085726124
2024-06-25,34316.96022325123
2024-06-26,34207.09580547531
2024-06-27,36013.060059500334
2024-06-28,36522.00281408775
2024-06-29,33640.76491421074
2024-06-30,36078.80729272201
2024-07-01,34950.44403544486
2024-07-02,34587.00512100907
2024-07-03,36049.406382037596
2024-07-04,34777.0881773234
2024-07-05,34793.638845353635
2024-07-06,33911.50176630658
2024-07-07,34733.37934654411
2024-07-08,35173.266141241904
2024-07-09,34898.526096047164
2024-07-10,33793.1383994387
2024-07-11,35304.71071090804
2024-07-12,36328.433262695355
2024-07-13,36217.16715478465
2024-07-14,36921.01781717563
2024-07-15,36224.44958103484
2024-07-16,35943.35686486556
2024-07-17,35785.737008502736
2024-07-18,36433.3758868082
2024-07-19,35647.72847776261
2024-07-20,33655.51101395724
2024-07-21,36835.25228206
2024-07-22,34945.112145372186
2024-07-23,34627.7434470488
2024-07-24,36373.38079924912
2024-07-25,34997.34112158393
2024-07-26,33837.91261356731
2024-07-27,34869.203870356454
2024-07-28,36988.368997672624
2024-07-29,35260.493009810336
2024-07-30,35961.921981362335
2024-07-31,36661.78191694752
2024-08-01,36186.40212190455
2024-08-02,36387.43478344294
2024-08-03,36571.760650953125
2024-08-04,37731.33284971868
2024-08-05,37764.255062543816
2024-08-06,36827.32714241093
2024-08-07,34611.463305934994
2024-08-08,37803.92905675605
2024-08-09,35015.58912407666
2024-08-10,38198.91364452053
2024-08-11,34419.45219995908
2024-08-12,38181.26742702685
2024-08-13,35272.07954824717
2024-08-14,37446.55069828698
2024-08-15,35747.88870471397
2024-08-16,36721.85110881633
2024-08-17,39096.555943212275
2024-08-18,36763.709494791685
2024-08-19,36780.27105134433
2024-08-20,36775.75165473115
2024-08-21,38382.733137479816
2024-08-22,35417.76913652523
2024-08-23,36962.88851116548
2024-08-24,38147.178397186726
2024-08-25,37971.38144471804
2024-08-26,38547.459975186895
2024-08-27,39872.71539177136
2024-08-28,36286.0691319931
2024-08-29,39245.16884919986
2024-08-30,37171.03069865877
2024-08-31,37475.79305246022
2024-09-01,37002.27257381738
2024-09-02,38630.508611978104
2024-09-03,37112.046791729306
2024-09-04,38596.681419832945
2024-09-05,39217.123256020684
2024-09-06,37020.53434474171
2024-09-07,37712.2437333996
2024-09-08,39234.94542557758
2024-09-09,38068.61614527433
2024-09-10,37122.38980211601
2024-09-11,37901.47786462459
2024-09-12,37189.345972372575
2024-09-13,36528.82330786183
2024-09-14,38144.853711114956
2024-09-15,39657.237808372454
2024-09-16,38789.57502119391
2024-09-17,38652.226213655544
2024-09-18,37557.70221101301
2024-09-19,38642.02656094784
2024-09-20,38868.76623768352
2024-09-21,39007.51700190016
2024-09-22,38443.33773381577
2024-09-23,40651.94196845166
2024-09-24,39483.21981451592
2024-09-25,41533.25411843788
2024-09-26,41024.977666854844
2024-09-27,38562.34568268728
2024-09-28,39149.73627608341
2024-09-29,40010.456225463706
2024-09-30,40719.25124534483
2024-10-01,40896.664040247895
2024-10-02,38800.36152786828
2024-10-03,41041.83729241106
2024-10-04,40240.00476734752
2024-10-05,40556.66648955353
2024-10-06,42163.90956826724
2024-10-07,41144.371501529626
2024-10-08,40674.61841759164
2024-10-09,40037.908040610266
2024-10-10,42592.128008992106
2024-10-11,43405.059079592065
2024-10-12,41970.296848738966
2024-10-13,42158.653040661506
2024-10-14,40938.895543005456
2024-10-15,40912.217546498374
2024-10-16,42381.82478126574
2024-10-17,40722.45528654814
2024-10-18,40866.51507196668
2024-10-19,42465.51105156865
2024-10-20,40577.839842526824
2024-10-21,40396.1303764849
2024-10-22,39279.76190417995
2024-10-23,40578.41849773033
2024-10-24,41687.83455630292
2024-10-25,42337.96592436528
2024-10-26,41625.5170616009
2024-10-27,41336.17937582584
2024-10-28,39729.67876708634
2024-10-29,41198.12537952411
2024-10-30,42967.14576942313
2024-10-31,43070.91599209789
2024-11-01,43131.496934050585
2024-11-02,42939.11884522446
2024-11-03,43576.22926940232
2024-11-04,42820.8901738045
2024-11-05,42254.45884654361
2024-11-06,41499.79261473325
2024-11-07,42446.07535289865
2024-11-08,41600.90496654346
2024-11-09,42759.75405225578
2024-11-10,39470.02931367864
2024-11-11,42441.91753919731
2024-11-12,41783.85358777695
2024-11-13,41839.55568781754
2024-11-14,42631.62572374992
2024-11-15,41498.3894477701
2024-11-16,42256.12435638999
2024-11-17,40091.77372580975
2024-11-18,43826.68617887018
2024-11-19,41098.32599175366
2024-11-20,38550.703886678464
2024-11-21,39958.661699518285
2024-11-22,39696.87970482873
2024-11-23,40687.2441197131
2024-11-24,44020.55232844862
2024-11-25,40624.82620973056
2024-11-26,42835.54033150169
2024-11-27,41630.74097638132
2024-11-28,44017.91523876598
2024-11-29,41061.99439736103
2024-11-30,43227.793071614266
2024-12-01,41681.356135540875
2024-12-02,41341.71252510332
2024-12-03,39812.720418397446
2024-12-04,42371.52839558761
2024-12-05,40781.95035279505
2024-12-06,41331.88288124759
2024-12-07,43220.664398951805
2024-12-08,42666.92513634876
2024-12-09,41938.54155308627
2024-12-10,41194.592941083574
2024-12-11,41289.947580464635
2024-12-12,44526.660044925404
2024-12-13,43469.945419102354
2024-12-14,41619.183032503905
2024-12-15,41051.02885295838
2024-12-16,43994.22884726741
2024-12-17,42074.789987909695
2024-12-18,43877.5585112101
2024-12-19,44715.356820424255
2024-12-20,42221.44218818821
2024-12-21,44287.35864781852
2024-12-22,44921.42168643655
2024-12-23,45837.666442870555
2024-12-24,43611.2634619721
2024-12-25,40881.416651028325
2024-12-26,43716.291385569064
2024-12-27,43489.048750981536
2024-12-28,45010.00286428173
2024-12-29,44186.54323679953
2024-12-30,43275.50765299943
2024-12-31,43118.420868437104
2025-01-01,45495.03069267379
2025-01-02,44536.81251624086
2025-01-03,41981.19636819217
2025-01-04,44506.68324534237
2025-01-05,42562.23434727983
2025-01-06,43326.20583619878
2025-01-07,44022.00885349709
2025-01-08,45052.66669440357
2025-01-09,42618.342850551024
2025-01-10,44810.750192637264
2025-01-11,44674.68312252947
2025-01-12,45691.85956919664
2025-01-13,46989.13497622381
2025-01-14,41876.30046255615
2025-01-15,44883.20852227804
2025-01-16,45605.97583954186
2025-01-17,45945.26852720266
2025-01-18,45652.6584073162
2025-01-19,45030.71289299897
2025-01-20,45411.373509375815
2025-01-21,43986.88246472294
2025-01-22,42468.98015440243
2025-01-23,44010.79048477803
2025-01-24,46654.55978914147
2025-01-25,45217.34841436053
2025-01-26,45685.76392600844
2025-01-27,46201.675102061454
2025-01-28,44037.919452112445
2025-01-29,44328.07840098073
2025-01-30,43205.77910390803
2025-01-31,44378.980675704704
2025-02-01,44315.38053464233
2025-02-02,44554.899914782465
2025-02-03,46125.42705545972
2025-02-04,44649.51637595027
2025-02-05,44748.254649666516
2025-02-06,44152.460052063754
2025-02-07,45372.06457761283
2025-02-08,46944.21278773324
2025-02-09,44895.260477932614
2025-02-10,42750.452476736275
2025-02-11,47217.656633518316
2025-02-12,47578.957247593215
2025-02-13,46205.35540401397
2025-02-14,45090.5456478472
2025-02-15,44968.75951826334
2025-02-16,44056.43612529102
2025-02-17,47497.4341886963
2025-02-18,45119.69255106438
2025-02-19,46026.52421898796
2025-02-20,46400.168202206645
2025-02-21,47045.238388351994
2025-02-22,48532.83233346341
2025-02-23,47016.292914075675
2025-02-24,44797.65830639799
2025-02-25,45468.86911482553
2025-02-26,44879.54837754481
2025-02-27,46897.23214285924
2025-02-28,45800.24587054703
2025-03-01,45511.235410118046
2025-03-02,45446.4392130808
2025-03-03,47067.29286221941
2025-03-04,47701.889084126866
2025-03-05,47979.57241802621
2025-03-06,45857.96064584172
2025-03-07,45964.37218947224
2025-03-08,47149.666549233334
2025-03-09,45946.22136027455
2025-03-10,45620.000209972684
2025-03-11,45713.24383102118
2025-03-12,49096.68467426258
2025-03-13,45979.31735095255
2025-03-14,48081.81596362265
2025-03-15,47753.01072308236
2025-03-16,45262.09801702865
2025-03-17,47257.67070453239
2025-03-18,45805.503250019516
2025-03-19,47047.77156582988
2025-03-20,49655.32008673575
2025-03-21,47937.55126513335
2025-03-22,49528.956257784965
2025-03-23,45251.17444688155
2025-03-24,49236.480099325345
2025-03-25,47541.3680423209
2025-03-26,50254.128987865086
2025-03-27,46987.54664180101
2025-03-28,49197.44832810431
2025-03-29,47353.667283265706
2025-03-30,50079.8663528036
2025-03-31,48666.86571253903
2025-04-01,46631.59063050713
2025-04-02,51838.44894446581
2025-04-03,47694.67175849763
2025-04-04,46754.75827991353
2025-04-05,50047.6111132319
2025-04-06,49586.4692195317
2025-04-07,47113.756876637904
2025-04-08,48991.010537509115
2025-04-09,50928.891779186946
2025-04-10,49114.06839440858
2025-04-11,51039.07725711642
2025-04-12,50072.28130775744
2025-04-13,48330.64361903701
2025-04-14,51335.48859026951
2025-04-15,51195.678116397896
2025-04-16,50183.324850084085
2025-04-17,48939.07723568274
2025-04-18,50614.486360437375
2025-04-19,49789.16169648379
2025-04-20,51229.1155946388
2025-04-21,48727.43836808927
2025-04-22,48352.535209043715
2025-04-23,51276.04022546194
2025-04-24,48425.91687521722
2025-04-25,50046.01618874294
2025-04-26,52899.80162469295
2025-04-27,50561.02670509573
2025-04-28,49348.85085304633
2025-04-29,51041.45310527081
2025-04-30,51363.0113956309
2025-05-01,44773.83680812467
2025-05-02,49781.263192066566
2025-05-03,52639.49410342426
2025-05-04,52470.24849634171
2025-05-05,50975.94653199918
2025-05-06,52754.702919535186
2025-05-07,52845.20873083655
2025-05-08,51411.59891501919
2025-05-09,51257.52422848652
2025-05-10,51555.67976564006
2025-05-11,52019.487277714186
2025-05-12,48545.97281144722
2025-05-13,52920.41002461185
2025-05-14,51569.78891603791
2025-05-15,51721.83673485073
2025-05-16,50444.47980399364
2025-05-17,52621.40310365811
2025-05-18,51003.6688550494
2025-05-19,53441.00375055506
2025-05-20,51956.37444918457
2025-05-21,54672.04154486598
2025-05-22,49817.65404090082
2025-05-23,52262.46692681542
2025-05-24,53792.30256256585
2025-05-25,50658.7772578037
2025-05-26,52358.577790843294
2025-05-27,51755.3174385119
2025-05-28,53448.771698358425
2025-05-29,52153.15215974111
2025-05-30,54309.852617170094
2025-05-31,52611.25775517155
